{"cameraMode":{"drawMode":0,"name":"Shaded","section":"Shading Mode"},"sceneLighting":true,"audioPlay":false,"sceneViewState":{"showFog":true,"showMaterialUpdate":false,"showSkybox":true,"showFlares":true,"showImageEffects":true,"showParticleSystems":true},"in2DMode":false,"pivot":{"x":4.858997344970703,"y":-13.594850540161133,"z":1.7181777954101563},"rotation":{"x":-0.08898428827524185,"y":0.9109121561050415,"z":-0.27760133147239687,"w":-0.29199033975601199},"size":66.61686706542969,"orthographic":false}